"","Dataset","ridgeRF"
"1","p5n100",0.02796119428
"2","p10n100",0.02956191147
"3","p20n100",0.03633392872
"4","p40n100",0.08346264565
"5","p80n100",0.38367693746
"6","p10n200",0.03164779633
"7","p10n400",0.03543282891
"8","p10n800",0.04737335689
"9","p10n1600",0.05572060459
