"","Dataset","ridgeRF","RridgeRF"
"1","p5n100",NA,5.90502661593016
"2","p10n100",NA,6.17062851532044
"3","p20n100",NA,6.13856430249735
"4","p40n100",NA,5.54966896802155
"5","p80n100",NA,6.08768223695581
"6","p160n100",NA,4.19333752826935
"7","p10n200",NA,4.83236214396951
"8","p10n400",NA,5.85842881069956
"9","p10n800",NA,5.91276148455191
"10","p10n1600",NA,6.02024730189195
"11","p10n3200",NA,6.00504928101198
