"","lrf.vi","rf.vi"
"1",1.43542015298366,2.29388065564302
"2",1.4436962277384,2.29505656957661
"3",1.46439886243176,2.45164664254772
"4",3.5294395444444,5.58300057192543
"5",-0.000255220684043053,-0.00257530252648715
"6",-0.000845050969107556,-0.0040690835055227
"7",-0.000202517297613407,-0.00165116042117777
"8",-0.000430412674076484,-0.0023036474108269
"9",-0.000600234054054521,-0.00262490261581002
"10",-0.000942715051388406,-0.00324084530539855
