"","lrf.vi","rf.vi"
"1",1.39631357044578,2.33033131140962
"2",1.39844736623801,2.3367107121907
"3",1.3940147974783,2.33088365181243
"4",1.39177764084498,2.32861877475138
"5",-0.000528680578705157,-0.00259065212345266
"6",-0.000793542372429699,-0.0035289152933857
"7",-1.0172641778291e-05,-0.000830719648471702
"8",-0.00030821229785162,-0.00201064269186647
"9",-0.000672268544956727,-0.00248888550371398
"10",-0.000951562217656179,-0.00393049348338179
